"X","V1","V2","V3","End","Interval"
690570,"chr21","9654924_9655213_AluSz_SINE",81,9655213,1
690611,"chr21","10426848_10427159_AluY_SINE",98,10427159,3
690632,"chr21","10618367_10618648_AluSq2_SINE",80,10618648,3
690660,"chr21","10952553_10952865_AluSx1_SINE",81,10952865,4
690661,"chr21","10967783_10968058_AluSx3_SINE",82,10968058,4
690664,"chr21","10992845_10993141_AluSg4_SINE",83,10993141,4
690752,"chr21","14373161_14373440_AluY_SINE",82,14373440,5
690763,"chr21","14407165_14407470_AluY_SINE",86,14407470,5
690791,"chr21","14605683_14605994_AluY_SINE",78,14605994,5
690792,"chr21","14616254_14616556_AluY_SINE",83,14616556,5
690807,"chr21","14684362_14684664_AluY_SINE",85,14684664,5
690857,"chr21","14956764_14957072_AluSx1_SINE",96,14957072,6
690867,"chr21","15297851_15298177_AluSq2_SINE",80,15298177,6
690890,"chr21","15426810_15427025_AluSx_SINE",81,15427025,7
690900,"chr21","15466090_15466423_AluSx_SINE",82,15466423,7
690926,"chr21","15654977_15655290_AluY_SINE",85,15655290,7
690931,"chr21","15693962_15694257_AluY_SINE",83,15694257,7
690934,"chr21","15715557_15715867_AluY_SINE",82,15715867,7
690949,"chr21","15853611_15853920_AluSx_SINE",81,15853920,7
690960,"chr21","15937333_15937624_AluSz_SINE",82,15937624,8
690974,"chr21","16065429_16065639_AluY_SINE",83,16065639,8
690977,"chr21","16096440_16096744_AluSc8_SINE",82,16096744,8
690982,"chr21","16116451_16116767_AluSc8_SINE",80,16116767,8
690987,"chr21","16140989_16141290_AluSx1_SINE",81,16141290,8
690994,"chr21","16240327_16240622_AluSq2_SINE",83,16240622,8
690996,"chr21","16253505_16253845_AluSx1_SINE",83,16253845,8
691003,"chr21","16275063_16275355_AluSc5_SINE",81,16275355,8
691006,"chr21","16292406_16292724_AluSx1_SINE",81,16292724,8
691007,"chr21","16312276_16312582_AluSx_SINE",83,16312582,8
691009,"chr21","16318877_16319200_AluSx_SINE",81,16319200,8
691019,"chr21","16384768_16385070_AluSg_SINE",81,16385070,9
691023,"chr21","16419580_16419873_AluY_SINE",81,16419873,9
691041,"chr21","16565119_16565394_AluY_SINE",73,16565394,9
691044,"chr21","16574476_16574772_AluY_SINE",83,16574772,9
691059,"chr21","16642906_16643217_AluSx1_SINE",88,16643217,9
691079,"chr21","16776808_16777124_AluSx1_SINE",81,16777124,9
691080,"chr21","16785650_16785952_AluJb_SINE",81,16785952,9
691085,"chr21","16842306_16842612_AluSg_SINE",81,16842612,9
691091,"chr21","16916174_16916473_AluSq2_SINE",82,16916473,10
691108,"chr21","17017681_17017974_AluSc8_SINE",81,17017974,10
691109,"chr21","17019025_17019320_AluY_SINE",83,17019320,10
691110,"chr21","17028662_17028941_AluY_SINE",82,17028941,10
691127,"chr21","17092555_17092870_AluY_SINE",81,17092870,10
691144,"chr21","17200969_17201254_AluSc_SINE",81,17201254,10
691147,"chr21","17226455_17226762_AluSg_SINE",81,17226762,10
691150,"chr21","17232473_17232773_AluSx1_SINE",83,17232773,10
691153,"chr21","17245824_17246111_AluSp_SINE",80,17246111,10
691154,"chr21","17247208_17247510_AluSc_SINE",88,17247510,10
691156,"chr21","17275659_17275970_AluY_SINE",83,17275970,10
691166,"chr21","17366956_17367264_AluY_SINE",83,17367264,10
691178,"chr21","17427017_17427347_AluSg_SINE",81,17427347,11
691180,"chr21","17438595_17438905_AluSx_SINE",81,17438905,11
691182,"chr21","17463942_17464238_AluY_SINE",82,17464238,11
691185,"chr21","17477400_17477710_AluSx_SINE",81,17477710,11
691193,"chr21","17529996_17530293_AluSg_SINE",81,17530293,11
691229,"chr21","17744088_17744404_AluSx1_SINE",84,17744404,11
691236,"chr21","17775656_17775949_AluSx_SINE",74,17775949,11
691238,"chr21","17801979_17802290_AluY_SINE",82,17802290,11
691247,"chr21","17862813_17863110_AluSx_SINE",82,17863110,11
691256,"chr21","17914394_17914697_AluSz_SINE",80,17914697,12
691258,"chr21","17920800_17921108_AluSg_SINE",81,17921108,12
691261,"chr21","17928243_17928445_AluY_SINE",79,17928445,12
691269,"chr21","17954535_17954838_AluSx_SINE",81,17954838,12
691273,"chr21","17984567_17984883_AluSx1_SINE",81,17984883,12
691279,"chr21","18025951_18026258_AluSc_SINE",81,18026258,12
691284,"chr21","18078827_18079121_AluSx1_SINE",84,18079121,12
691288,"chr21","18121285_18121556_AluY_SINE",81,18121556,12
691290,"chr21","18136841_18137157_AluY_SINE",82,18137157,12
691294,"chr21","18190388_18190685_AluY_SINE",83,18190685,12
691298,"chr21","18240070_18240376_AluSx_SINE",79,18240376,12
691299,"chr21","18251324_18251633_AluY_SINE",82,18251633,12
691314,"chr21","18394819_18395090_AluSx_SINE",81,18395090,12
691315,"chr21","18399767_18400078_AluY_SINE",82,18400078,13
691318,"chr21","18426966_18427278_AluSz6_SINE",81,18427278,13
691329,"chr21","18511682_18511985_AluSx3_SINE",84,18511985,13
691361,"chr21","18763370_18763663_AluSc_SINE",83,18763663,13
691373,"chr21","18790592_18790895_AluSg_SINE",81,18790895,13
691389,"chr21","18818648_18818948_AluSx_SINE",80,18818948,13
691399,"chr21","18836511_18836824_AluSx1_SINE",81,18836824,13
691402,"chr21","18838016_18838339_AluSx_SINE",80,18838339,13
691404,"chr21","18839086_18839396_AluSg4_SINE",81,18839396,13
691414,"chr21","18848959_18849271_AluSq2_SINE",81,18849271,13
691417,"chr21","18851621_18851924_AluSg_SINE",81,18851924,13
691418,"chr21","18853038_18853327_AluSp_SINE",81,18853327,13
691420,"chr21","18854590_18854924_AluSg_SINE",82,18854924,13
691428,"chr21","18858986_18859293_AluSx1_SINE",83,18859293,13
691435,"chr21","18878630_18878943_AluSc_SINE",88,18878943,13
691437,"chr21","18880230_18880519_AluSc_SINE",81,18880519,13
691454,"chr21","18902849_18903150_AluSz_SINE",81,18903150,14
691457,"chr21","18907098_18907399_AluSx_SINE",81,18907399,14
691462,"chr21","18918090_18918395_AluSq2_SINE",80,18918395,14
691473,"chr21","18940443_18940745_AluY_SINE",82,18940745,14
691481,"chr21","18957845_18958133_AluSc_SINE",83,18958133,14
691482,"chr21","18971499_18971788_AluJb_SINE",80,18971788,14
691491,"chr21","18995353_18995559_AluJb_SINE",82,18995559,14
691501,"chr21","19033724_19034025_AluSc_SINE",81,19034025,14
691514,"chr21","19052079_19052372_AluSg_SINE",80,19052372,14
691521,"chr21","19070603_19070912_AluSx3_SINE",81,19070912,14
691522,"chr21","19071067_19071352_AluSx_SINE",81,19071352,14
691532,"chr21","19102502_19102805_AluY_SINE",83,19102805,14
691550,"chr21","19199545_19199827_AluSc_SINE",81,19199827,14
691551,"chr21","19203654_19203938_AluJo_SINE",81,19203938,14
691553,"chr21","19205746_19206044_AluY_SINE",82,19206044,14
691574,"chr21","19310780_19311094_AluY_SINE",82,19311094,14
691577,"chr21","19318452_19318728_AluYf4_SINE",84,19318728,14
691600,"chr21","19467161_19467467_AluSx_SINE",81,19467467,15
691601,"chr21","19478801_19479112_AluY_SINE",83,19479112,15
691602,"chr21","19508143_19508450_AluSc_SINE",81,19508450,15
691606,"chr21","19539626_19539925_AluY_SINE",82,19539925,15
691610,"chr21","19565730_19566082_AluSx_SINE",83,19566082,15
691630,"chr21","19686598_19686894_AluSq2_SINE",80,19686894,15
691632,"chr21","19693657_19693966_AluY_SINE",82,19693966,15
691639,"chr21","19758068_19758359_AluSc_SINE",82,19758359,15
691646,"chr21","19813641_19813953_AluSc8_SINE",83,19813953,15
691655,"chr21","19866570_19866869_AluY_SINE",81,19866869,15
691659,"chr21","19899817_19900114_AluSx1_SINE",81,19900114,15
691662,"chr21","19942962_19943269_AluSx3_SINE",76,19943269,16
691667,"chr21","19984682_19984909_AluSx4_SINE",81,19984909,16
691670,"chr21","20024297_20024602_AluSx1_SINE",80,20024602,16
691679,"chr21","20086418_20086708_AluSc_SINE",83,20086708,16
691681,"chr21","20152327_20152595_AluSz_SINE",81,20152595,16
691690,"chr21","20220075_20220367_AluSc_SINE",82,20220367,16
691700,"chr21","20304900_20305191_AluSc_SINE",80,20305191,16
691702,"chr21","20339781_20340005_AluY_SINE",83,20340005,16
691712,"chr21","20409550_20409860_AluY_SINE",82,20409860,17
691713,"chr21","20411894_20412185_AluSg7_SINE",85,20412185,17
691719,"chr21","20472929_20473209_AluSg_SINE",81,20473209,17
691720,"chr21","20500621_20500926_AluY_SINE",82,20500926,17
691724,"chr21","20528623_20528928_AluSx1_SINE",83,20528928,17
691727,"chr21","20546030_20546336_AluSz_SINE",81,20546336,17
691728,"chr21","20556028_20556331_AluY_SINE",82,20556331,17
691729,"chr21","20572153_20572446_AluSx_SINE",83,20572446,17
691732,"chr21","20590134_20590440_AluY_SINE",83,20590440,17
691741,"chr21","20660063_20660359_AluSx_SINE",83,20660359,17
691754,"chr21","20719763_20720073_AluSg_SINE",81,20720073,17
691755,"chr21","20721992_20722283_AluSx1_SINE",84,20722283,17
691762,"chr21","20784674_20784985_AluY_SINE",83,20784985,17
691771,"chr21","20883924_20884220_AluSx_SINE",82,20884220,17
691793,"chr21","21054254_21054547_AluY_SINE",83,21054547,18
691798,"chr21","21101723_21101956_AluSg4_SINE",81,21101956,18
691806,"chr21","21171651_21171944_AluSx1_SINE",83,21171944,18
691814,"chr21","21244182_21244483_AluY_SINE",83,21244483,18
691832,"chr21","21353975_21354302_AluY_SINE",86,21354302,18
691845,"chr21","21433833_21434140_AluY_SINE",82,21434140,19
691846,"chr21","21450946_21451255_AluY_SINE",81,21451255,19
691861,"chr21","21545871_21546169_AluSc_SINE",81,21546169,19
691863,"chr21","21547944_21548223_AluSc_SINE",81,21548223,19
691864,"chr21","21548344_21548639_AluSx3_SINE",83,21548639,19
691876,"chr21","21634671_21634952_AluSq2_SINE",80,21634952,19
691884,"chr21","21692959_21693254_AluSc_SINE",83,21693254,19
691903,"chr21","21847913_21848197_AluY_SINE",82,21848197,19
691907,"chr21","21887290_21887595_AluSz_SINE",81,21887595,19
691911,"chr21","21906447_21906759_AluSz_SINE",81,21906759,19
691918,"chr21","21935689_21936016_AluY_SINE",81,21936016,20
691920,"chr21","21938375_21938673_AluSx_SINE",81,21938673,20
691927,"chr21","21975841_21976117_AluSx3_SINE",81,21976117,20
691940,"chr21","22074253_22074559_AluY_SINE",91,22074559,20
691945,"chr21","22091001_22091296_AluY_SINE",85,22091296,20
691959,"chr21","22179158_22179468_AluSz_SINE",83,22179468,20
691963,"chr21","22208256_22208491_AluSx1_SINE",81,22208491,20
691970,"chr21","22247264_22247558_AluSc_SINE",81,22247558,20
691978,"chr21","22307625_22307933_AluSx1_SINE",81,22307933,20
691982,"chr21","22348596_22348892_AluSp_SINE",79,22348892,20
691983,"chr21","22351216_22351523_AluSx_SINE",81,22351523,20
691988,"chr21","22367940_22368233_AluSx4_SINE",79,22368233,20
691990,"chr21","22385816_22386127_AluSq2_SINE",80,22386127,20
692000,"chr21","22405250_22405566_AluSq2_SINE",81,22405566,20
692018,"chr21","22496166_22496464_AluSc_SINE",81,22496464,21
692043,"chr21","22653092_22653410_AluSz_SINE",91,22653410,21
692064,"chr21","22766796_22767077_AluY_SINE",81,22767077,21
692066,"chr21","22782148_22782470_AluY_SINE",82,22782470,21
692070,"chr21","22797070_22797388_AluSq2_SINE",85,22797388,21
692074,"chr21","22811442_22811748_AluSx_SINE",81,22811748,21
692085,"chr21","22879832_22880128_AluSc8_SINE",79,22880128,21
692108,"chr21","23068607_23068916_AluSc_SINE",81,23068916,22
692110,"chr21","23077230_23077540_AluSc_SINE",82,23077540,22
692112,"chr21","23094701_23095040_AluY_SINE",87,23095040,22
692118,"chr21","23119525_23119837_AluSg_SINE",81,23119837,22
692119,"chr21","23120522_23120827_AluY_SINE",84,23120827,22
692123,"chr21","23168803_23169070_AluY_SINE",78,23169070,22
692126,"chr21","23181059_23181368_AluY_SINE",85,23181368,22
692130,"chr21","23227048_23227353_AluSg_SINE",81,23227353,22
692140,"chr21","23269253_23269559_AluY_SINE",83,23269559,22
692146,"chr21","23287330_23287639_AluY_SINE",83,23287639,22
692154,"chr21","23335190_23335483_AluSc_SINE",79,23335483,22
692163,"chr21","23399434_23399745_AluY_SINE",82,23399745,22
692166,"chr21","23440503_23440812_AluSc8_SINE",82,23440812,23
692171,"chr21","23485186_23485489_AluSx_SINE",81,23485489,23
692178,"chr21","23525586_23525878_AluY_SINE",82,23525878,23
692181,"chr21","23559636_23559919_AluSx1_SINE",83,23559919,23
692198,"chr21","23682556_23682810_AluSx4_SINE",81,23682810,23
692205,"chr21","23719375_23719673_AluSq2_SINE",86,23719673,23
692206,"chr21","23726331_23726626_AluY_SINE",82,23726626,23
692210,"chr21","23750256_23750562_AluSq2_SINE",82,23750562,23
692213,"chr21","23774679_23774988_AluSc8_SINE",82,23774988,23
692224,"chr21","23815432_23815744_AluY_SINE",86,23815744,23
692231,"chr21","23837204_23837504_AluSx3_SINE",82,23837504,23
692238,"chr21","23872045_23872342_AluSc_SINE",81,23872342,23
692242,"chr21","23883002_23883306_AluSc5_SINE",81,23883306,23
692255,"chr21","23940141_23940440_AluY_SINE",82,23940440,23
692258,"chr21","23944931_23945176_AluSx1_SINE",83,23945176,24
692261,"chr21","23951411_23951719_AluSc_SINE",81,23951719,24
692267,"chr21","23978698_23979017_AluSc5_SINE",91,23979017,24
692275,"chr21","24020274_24020571_AluSg_SINE",85,24020571,24
692282,"chr21","24074347_24074647_AluSz_SINE",81,24074647,24
692285,"chr21","24099634_24099936_AluY_SINE",84,24099936,24
692292,"chr21","24116120_24116429_AluSc8_SINE",82,24116429,24
692311,"chr21","24188281_24188593_AluY_SINE",82,24188593,24
692319,"chr21","24273497_24273788_AluSc8_SINE",82,24273788,24
692322,"chr21","24281019_24281310_AluSg_SINE",81,24281310,24
692324,"chr21","24300851_24301141_AluY_SINE",82,24301141,24
692326,"chr21","24320332_24320642_AluSx_SINE",81,24320642,24
692361,"chr21","24577235_24577563_AluSx_SINE",96,24577563,25
692365,"chr21","24641598_24641933_AluSc_SINE",81,24641933,25
692375,"chr21","24716372_24716681_AluY_SINE",82,24716681,25
692385,"chr21","24759443_24759740_AluY_SINE",82,24759740,25
692386,"chr21","24768993_24769287_AluSx3_SINE",82,24769287,25
692387,"chr21","24774113_24774368_AluY_SINE",85,24774368,25
692388,"chr21","24776790_24777071_AluSx3_SINE",81,24777071,25
692414,"chr21","24913761_24914043_AluSx_SINE",81,24914043,25
692419,"chr21","24933154_24933467_AluY_SINE",82,24933467,25
692431,"chr21","24992682_24993016_AluSx3_SINE",82,24993016,26
692444,"chr21","25047082_25047394_AluSx_SINE",81,25047394,26
692448,"chr21","25070243_25070502_AluY_SINE",82,25070502,26
692455,"chr21","25117323_25117621_AluSx_SINE",81,25117621,26
692460,"chr21","25129548_25129846_AluSp_SINE",79,25129846,26
692467,"chr21","25151423_25151719_AluSc8_SINE",82,25151719,26
692472,"chr21","25169058_25169396_AluY_SINE",85,25169396,26
692476,"chr21","25181030_25181337_AluY_SINE",81,25181337,26
692482,"chr21","25199935_25200222_AluSx3_SINE",82,25200222,26
692495,"chr21","25246245_25246560_AluSc_SINE",88,25246560,26
692501,"chr21","25264512_25264798_AluSc8_SINE",84,25264798,26
692506,"chr21","25296604_25296886_AluSc_SINE",81,25296886,26
692516,"chr21","25351353_25351675_AluY_SINE",88,25351675,26
692519,"chr21","25364613_25364906_AluJb_SINE",83,25364906,26
692521,"chr21","25372922_25373198_AluSc_SINE",81,25373198,26
692528,"chr21","25410249_25410484_AluSx1_SINE",81,25410484,26
692535,"chr21","25456940_25457133_AluSp_SINE",81,25457133,27
692539,"chr21","25523698_25523991_AluSc_SINE",81,25523991,27
692540,"chr21","25532571_25532825_AluSg_SINE",81,25532825,27
692542,"chr21","25539641_25539895_AluSc8_SINE",83,25539895,27
692556,"chr21","25618769_25619060_AluY_SINE",82,25619060,27
692558,"chr21","25624118_25624420_AluY_SINE",87,25624420,27
692564,"chr21","25667339_25667635_AluSc_SINE",83,25667635,27
692566,"chr21","25687375_25687675_AluY_SINE",84,25687675,27
692567,"chr21","25697580_25697884_AluSx1_SINE",82,25697884,27
692570,"chr21","25709102_25709399_AluSx_SINE",81,25709399,27
692572,"chr21","25719580_25719880_AluSc8_SINE",82,25719880,27
692587,"chr21","25837317_25837608_AluSx1_SINE",81,25837608,27
692590,"chr21","25854915_25855217_AluSx3_SINE",82,25855217,27
692595,"chr21","25872374_25872678_AluSc_SINE",81,25872678,27
692606,"chr21","25938034_25938343_AluY_SINE",83,25938343,27
692607,"chr21","25952159_25952462_AluY_SINE",83,25952462,28
692608,"chr21","25956638_25956912_AluY_SINE",82,25956912,28
692611,"chr21","25960515_25960806_AluY_SINE",85,25960806,28
692617,"chr21","25980681_25980959_AluJb_SINE",74,25980959,28
692643,"chr21","26117455_26117729_AluY_SINE",83,26117729,28
692653,"chr21","26155623_26155927_AluSx3_SINE",82,26155927,28
692661,"chr21","26186525_26186827_AluSg7_SINE",81,26186827,28
692662,"chr21","26200460_26200722_AluY_SINE",86,26200722,28
692674,"chr21","26291212_26291502_AluSc_SINE",81,26291502,28
692678,"chr21","26312840_26313149_AluY_SINE",82,26313149,28
692680,"chr21","26318609_26318912_AluSx_SINE",83,26318912,28
692682,"chr21","26327224_26327547_AluSx3_SINE",82,26327547,28
692684,"chr21","26345664_26345958_AluY_SINE",82,26345958,28
692704,"chr21","26431344_26431643_AluSq2_SINE",85,26431643,28
692706,"chr21","26443862_26444173_AluSz_SINE",81,26444173,28
692714,"chr21","26505621_26505868_AluSp_SINE",80,26505868,29
692718,"chr21","26542503_26542802_AluY_SINE",82,26542802,29
692740,"chr21","26635264_26635553_AluSq_SINE",80,26635553,29
692753,"chr21","26756331_26756624_AluY_SINE",83,26756624,29
692754,"chr21","26764890_26765204_AluSz_SINE",81,26765204,29
692767,"chr21","26859046_26859249_AluY_SINE",82,26859249,29
692773,"chr21","26898381_26898694_AluSx3_SINE",82,26898694,29
692784,"chr21","26943317_26943614_AluSx3_SINE",83,26943614,29
692787,"chr21","26952485_26952778_AluY_SINE",81,26952778,29
692789,"chr21","26953654_26953962_AluSx_SINE",82,26953962,29
692805,"chr21","27004310_27004610_AluSz_SINE",81,27004610,30
692814,"chr21","27032231_27032531_AluSx1_SINE",84,27032531,30
692822,"chr21","27046423_27046736_AluSx_SINE",82,27046736,30
692832,"chr21","27071752_27072064_AluY_SINE",83,27072064,30
692833,"chr21","27072685_27072971_AluSx1_SINE",81,27072971,30
692834,"chr21","27075158_27075463_AluSx_SINE",80,27075463,30
692841,"chr21","27090677_27090964_AluSc_SINE",81,27090964,30
692866,"chr21","27160135_27160436_AluSp_SINE",79,27160436,30
692867,"chr21","27161352_27161658_AluSx_SINE",80,27161658,30
692872,"chr21","27169974_27170286_AluSx1_SINE",81,27170286,30
692878,"chr21","27180533_27180829_AluSx1_SINE",81,27180829,30
692879,"chr21","27183970_27184269_AluSx3_SINE",82,27184269,30
692882,"chr21","27186854_27187165_AluSx_SINE",81,27187165,30
692899,"chr21","27241349_27241639_AluJb_SINE",82,27241639,30
692901,"chr21","27244986_27245283_AluY_SINE",84,27245283,30
692904,"chr21","27247473_27247787_AluSq_SINE",81,27247787,30
692913,"chr21","27269435_27269725_AluSx3_SINE",84,27269725,30
692916,"chr21","27275397_27275706_AluSx_SINE",83,27275706,30
692942,"chr21","27373825_27374105_AluSz6_SINE",81,27374105,30
692944,"chr21","27383381_27383688_AluSx1_SINE",81,27383688,30
692945,"chr21","27385007_27385340_AluSx_SINE",81,27385340,30
692965,"chr21","27448198_27448510_AluSq2_SINE",81,27448510,30
692969,"chr21","27454251_27454568_AluSq2_SINE",82,27454568,30
692974,"chr21","27474399_27474705_AluY_SINE",83,27474705,31
692975,"chr21","27474926_27475232_AluSx1_SINE",80,27475232,31
692980,"chr21","27489206_27489499_AluSz_SINE",81,27489499,31
692982,"chr21","27493711_27493959_AluSg_SINE",81,27493959,31
692985,"chr21","27505272_27505572_AluJb_SINE",82,27505572,31
693002,"chr21","27544831_27545131_AluSx_SINE",81,27545131,31
693020,"chr21","27581807_27582092_AluSz6_SINE",81,27582092,31
693033,"chr21","27628360_27628672_AluSz_SINE",80,27628672,31
693038,"chr21","27637657_27637961_AluY_SINE",86,27637961,31
693042,"chr21","27659730_27660029_AluYk4_SINE",82,27660029,31
693046,"chr21","27671617_27671899_AluSx_SINE",80,27671899,31
693051,"chr21","27702794_27703079_AluSx_SINE",80,27703079,31
693065,"chr21","27783865_27784172_AluY_SINE",82,27784172,31
693072,"chr21","27846354_27846671_AluSg_SINE",89,27846671,31
693079,"chr21","27915943_27916230_AluSx1_SINE",81,27916230,31
693084,"chr21","27961105_27961347_AluSx1_SINE",81,27961347,31
693093,"chr21","28017689_28017984_AluSz_SINE",81,28017984,32
693107,"chr21","28107966_28108217_AluSg4_SINE",81,28108217,32
693108,"chr21","28134665_28134964_AluSc_SINE",81,28134964,32
693109,"chr21","28137458_28137738_AluSx3_SINE",82,28137738,32
693114,"chr21","28151159_28151462_AluJb_SINE",81,28151462,32
693122,"chr21","28174925_28175215_AluSz_SINE",75,28175215,32
693136,"chr21","28323813_28324028_AluSq_SINE",81,28324028,32
693150,"chr21","28433739_28434054_AluY_SINE",86,28434054,32
693156,"chr21","28463046_28463343_AluY_SINE",84,28463343,32
693163,"chr21","28533453_28533789_AluSx_SINE",83,28533789,33
693165,"chr21","28541685_28541983_AluSx3_SINE",82,28541983,33
693171,"chr21","28561803_28562111_AluY_SINE",85,28562111,33
693179,"chr21","28652367_28652651_AluY_SINE",86,28652651,33
693187,"chr21","28696183_28696471_AluSc_SINE",81,28696471,33
693193,"chr21","28716569_28716864_AluSg_SINE",81,28716864,33
693197,"chr21","28753928_28754224_AluSc8_SINE",83,28754224,33
693198,"chr21","28757379_28757611_AluY_SINE",84,28757611,33
693213,"chr21","28840743_28841043_AluY_SINE",81,28841043,33
693215,"chr21","28855324_28855639_AluY_SINE",86,28855639,33
693216,"chr21","28868943_28869224_AluSx_SINE",76,28869224,33
693235,"chr21","28988497_28988799_AluY_SINE",82,28988799,34
693243,"chr21","29036372_29036658_AluSz6_SINE",81,29036658,34
693248,"chr21","29059756_29060004_AluYc_SINE",84,29060004,34
693249,"chr21","29072361_29072650_AluSc_SINE",81,29072650,34
693265,"chr21","29197155_29197449_AluSx1_SINE",81,29197449,34
693274,"chr21","29231501_29231804_AluY_SINE",85,29231804,34
693277,"chr21","29258071_29258394_AluY_SINE",82,29258394,34
693284,"chr21","29299518_29299826_AluY_SINE",78,29299826,34
693298,"chr21","29343056_29343355_AluY_SINE",82,29343355,34
693307,"chr21","29392570_29392867_AluY_SINE",85,29392867,34
693309,"chr21","29393996_29394287_AluSz_SINE",81,29394287,34
693313,"chr21","29434612_29434906_AluY_SINE",85,29434906,34
693314,"chr21","29443306_29443616_AluSx_SINE",80,29443616,34
693320,"chr21","29475620_29475906_AluSg_SINE",65,29475906,34
693334,"chr21","29631716_29632013_AluSx3_SINE",82,29632013,35
693341,"chr21","29716184_29716509_AluSx1_SINE",97,29716509,35
693350,"chr21","29781493_29781784_AluSx1_SINE",81,29781784,35
693354,"chr21","29806981_29807286_AluSx1_SINE",84,29807286,35
693362,"chr21","29858655_29858924_AluSz_SINE",81,29858924,35
693363,"chr21","29859385_29859692_AluSx3_SINE",84,29859692,35
693373,"chr21","29942029_29942286_AluSg_SINE",81,29942286,35
693390,"chr21","30089802_30090101_AluSx_SINE",81,30090101,36
693396,"chr21","30105319_30105626_AluY_SINE",82,30105626,36
693400,"chr21","30123270_30123572_AluY_SINE",82,30123572,36
693402,"chr21","30125430_30125696_AluSz_SINE",81,30125696,36
693403,"chr21","30152504_30152797_AluSc8_SINE",82,30152797,36
693404,"chr21","30155513_30155802_AluSx1_SINE",81,30155802,36
693422,"chr21","30238825_30238913_AluSc_SINE",81,30238913,36
693442,"chr21","30297280_30297560_AluJb_SINE",84,30297560,36
693447,"chr21","30313127_30313419_AluJb_SINE",80,30313419,36
693450,"chr21","30332407_30332706_AluSx_SINE",81,30332706,36
693457,"chr21","30352009_30352311_AluSq2_SINE",83,30352311,36
693460,"chr21","30357979_30358281_AluSx1_SINE",81,30358281,36
693474,"chr21","30381713_30382014_AluY_SINE",82,30382014,36
693493,"chr21","30409900_30410206_AluJb_SINE",81,30410206,36
693500,"chr21","30425087_30425314_AluJb_SINE",78,30425314,36
693507,"chr21","30440782_30441085_AluSx_SINE",86,30441085,36
693514,"chr21","30465224_30465523_AluSz_SINE",81,30465523,36
693522,"chr21","30484335_30484644_AluSc_SINE",82,30484644,36
693544,"chr21","30543856_30544150_AluSx_SINE",80,30544150,37
693556,"chr21","30570730_30571053_AluSz_SINE",92,30571053,37
693557,"chr21","30572085_30572380_AluSx1_SINE",81,30572380,37
693568,"chr21","30630656_30630937_AluSz_SINE",81,30630937,37
693573,"chr21","30640894_30641190_AluSg4_SINE",81,30641190,37
693583,"chr21","30681298_30681598_AluSx_SINE",81,30681598,37
693584,"chr21","30697268_30697563_AluY_SINE",83,30697563,37
693588,"chr21","30706414_30706718_AluY_SINE",83,30706718,37
693607,"chr21","30790085_30790393_AluY_SINE",81,30790393,37
693611,"chr21","30804607_30804884_AluSx1_SINE",81,30804884,37
693618,"chr21","30824144_30824443_AluSz_SINE",81,30824443,37
693623,"chr21","30841452_30841766_AluSc8_SINE",86,30841766,37
693624,"chr21","30842263_30842547_AluSq2_SINE",81,30842547,37
693635,"chr21","30890057_30890358_AluJb_SINE",84,30890358,37
693642,"chr21","30932940_30933220_AluSc8_SINE",81,30933220,37
693643,"chr21","30934694_30934996_AluSq2_SINE",80,30934996,37
693644,"chr21","30942542_30942836_AluSg_SINE",82,30942836,37
693646,"chr21","30945084_30945390_AluSp_SINE",83,30945390,37
693650,"chr21","30972138_30972427_AluSc_SINE",82,30972427,37
693670,"chr21","31079190_31079480_AluY_SINE",82,31079480,38
693675,"chr21","31107933_31108185_AluSx_SINE",81,31108185,38
693685,"chr21","31147356_31147617_AluSg_SINE",72,31147617,38
693687,"chr21","31157598_31157901_AluSx_SINE",82,31157901,38
693689,"chr21","31162390_31162663_AluSc_SINE",80,31162663,38
693693,"chr21","31182333_31182629_AluSx1_SINE",80,31182629,38
693702,"chr21","31244506_31244768_AluY_SINE",82,31244768,38
693704,"chr21","31320421_31320731_AluJb_SINE",80,31320731,38
693706,"chr21","31326844_31327056_AluY_SINE",83,31327056,38
693710,"chr21","31380856_31381165_AluSx3_SINE",81,31381165,38
693717,"chr21","31412811_31413017_AluY_SINE",82,31413017,38
693719,"chr21","31427114_31427415_AluSg_SINE",81,31427415,38
693723,"chr21","31443942_31444140_AluY_SINE",82,31444140,38
693728,"chr21","31491241_31491503_AluSc8_SINE",72,31491503,39
693737,"chr21","31549029_31549326_AluSx_SINE",81,31549326,39
693738,"chr21","31556586_31556880_AluSq2_SINE",82,31556880,39
693749,"chr21","31613599_31613877_AluSx_SINE",83,31613877,39
693755,"chr21","31634634_31634931_AluSq2_SINE",80,31634931,39
693763,"chr21","31705557_31705869_AluSz_SINE",81,31705869,39
693776,"chr21","31787637_31787928_AluY_SINE",82,31787928,39
693780,"chr21","31824868_31825156_AluSx1_SINE",80,31825156,39
693783,"chr21","31829662_31829955_AluSg_SINE",81,31829955,39
693785,"chr21","31835501_31835812_AluY_SINE",85,31835812,39
693787,"chr21","31866745_31867056_AluY_SINE",82,31867056,39
693790,"chr21","31881941_31882231_AluSz6_SINE",83,31882231,39
693792,"chr21","31892805_31893113_AluY_SINE",83,31893113,39
693794,"chr21","31903019_31903281_AluY_SINE",84,31903281,39
693796,"chr21","31910282_31910577_AluY_SINE",82,31910577,39
693797,"chr21","31912697_31913007_AluSx_SINE",81,31913007,39
693803,"chr21","31936483_31936760_AluSq2_SINE",85,31936760,39
693815,"chr21","32005754_32006062_AluSx_SINE",80,32006062,40
693820,"chr21","32056004_32056314_AluSz_SINE",82,32056314,40
693821,"chr21","32057545_32057844_AluSz_SINE",81,32057844,40
693826,"chr21","32080254_32080554_AluSz_SINE",81,32080554,40
693828,"chr21","32090108_32090357_AluSg4_SINE",80,32090357,40
693830,"chr21","32125940_32126223_AluSq2_SINE",81,32126223,40
693835,"chr21","32169210_32169519_AluSx1_SINE",81,32169519,40
693846,"chr21","32216646_32216936_AluSg_SINE",81,32216936,40
693854,"chr21","32249313_32249621_AluSc_SINE",83,32249621,40
693855,"chr21","32252184_32252473_AluSx1_SINE",81,32252473,40
693869,"chr21","32331379_32331683_AluSg_SINE",81,32331683,40
693870,"chr21","32332727_32333019_AluSp_SINE",80,32333019,40
693876,"chr21","32350164_32350465_AluSx_SINE",81,32350465,40
693890,"chr21","32407259_32407560_AluSz_SINE",76,32407560,40
693895,"chr21","32421857_32422156_AluSx4_SINE",86,32422156,40
693900,"chr21","32436377_32436681_AluSq4_SINE",80,32436681,40
693908,"chr21","32464192_32464496_AluSz_SINE",81,32464496,40
693909,"chr21","32468944_32469246_AluY_SINE",84,32469246,40
693913,"chr21","32482300_32482603_AluSg_SINE",80,32482603,40
693945,"chr21","32563472_32563769_AluSc_SINE",81,32563769,41
693959,"chr21","32595023_32595333_AluSx_SINE",81,32595333,41
693961,"chr21","32599268_32599572_AluSz_SINE",81,32599572,41
693972,"chr21","32626728_32627040_AluSx_SINE",83,32627040,41
693973,"chr21","32630865_32631145_AluSc_SINE",66,32631145,41
693986,"chr21","32664681_32664983_AluSz6_SINE",81,32664983,41
693998,"chr21","32687547_32687840_AluY_SINE",83,32687840,41
694001,"chr21","32689812_32690128_AluSx_SINE",81,32690128,41
694006,"chr21","32694091_32694334_AluSx1_SINE",81,32694334,41
694008,"chr21","32695322_32695624_AluSc_SINE",81,32695624,41
694017,"chr21","32724100_32724397_AluSx_SINE",81,32724397,41
694022,"chr21","32738135_32738424_AluSc_SINE",68,32738424,41
694024,"chr21","32741272_32741566_AluYc_SINE",82,32741566,41
694033,"chr21","32755270_32755562_AluSx1_SINE",81,32755562,41
694045,"chr21","32774976_32775275_AluY_SINE",85,32775275,41
694050,"chr21","32784813_32785121_AluSx_SINE",81,32785121,41
694051,"chr21","32785572_32785882_AluY_SINE",83,32785882,41
694054,"chr21","32792081_32792389_AluSq2_SINE",79,32792389,41
694071,"chr21","32818240_32818553_AluSq_SINE",81,32818553,41
694074,"chr21","32821679_32821990_AluSx_SINE",80,32821990,41
694079,"chr21","32833514_32833818_AluSz_SINE",81,32833818,41
694085,"chr21","32839663_32839987_AluSg_SINE",81,32839987,41
694088,"chr21","32840807_32841096_AluY_SINE",83,32841096,41
694091,"chr21","32842314_32842616_AluSx_SINE",81,32842616,41
694092,"chr21","32842631_32842944_AluSq_SINE",80,32842944,41
694099,"chr21","32854473_32854744_AluSx1_SINE",81,32854744,41
694102,"chr21","32868000_32868292_AluSx1_SINE",81,32868292,41
694104,"chr21","32870976_32871284_AluSx1_SINE",81,32871284,41
694109,"chr21","32878058_32878344_AluSx1_SINE",81,32878344,41
694111,"chr21","32879506_32879806_AluSx1_SINE",83,32879806,41
694112,"chr21","32880696_32881000_AluSq2_SINE",83,32881000,41
694122,"chr21","32894190_32894483_AluY_SINE",82,32894483,41
694130,"chr21","32901233_32901531_AluY_SINE",80,32901531,41
694152,"chr21","32933723_32934035_AluSx3_SINE",82,32934035,41
694161,"chr21","32942198_32942498_AluJb_SINE",81,32942498,41
694180,"chr21","32959319_32959610_AluSq2_SINE",81,32959610,41
694185,"chr21","32963598_32963896_AluSz_SINE",81,32963896,41
694186,"chr21","32966240_32966546_AluSx_SINE",79,32966546,41
694199,"chr21","32980444_32980763_AluSq2_SINE",81,32980763,41
694204,"chr21","32987574_32987884_AluSx1_SINE",81,32987884,41
694207,"chr21","32989169_32989460_AluSx1_SINE",80,32989460,41
694225,"chr21","33011426_33011726_AluSx4_SINE",81,33011726,42
694230,"chr21","33016103_33016336_AluJb_SINE",87,33016336,42
694232,"chr21","33018086_33018365_AluSx3_SINE",82,33018365,42
694254,"chr21","33062515_33062813_AluSz_SINE",81,33062813,42
694266,"chr21","33099383_33099688_AluSx3_SINE",82,33099688,42
694267,"chr21","33099825_33100116_AluSc_SINE",81,33100116,42
694270,"chr21","33111537_33111830_AluSx3_SINE",90,33111830,42
694278,"chr21","33122003_33122313_AluSx_SINE",81,33122313,42
694281,"chr21","33127908_33128216_AluSx1_SINE",81,33128216,42
694284,"chr21","33130230_33130519_AluSz_SINE",81,33130519,42
694305,"chr21","33173539_33173851_AluSx1_SINE",81,33173851,42
694312,"chr21","33196413_33196709_AluSx1_SINE",80,33196709,42
694313,"chr21","33198348_33198658_AluSx_SINE",82,33198658,42
694316,"chr21","33213537_33213778_AluSc_SINE",81,33213778,42
694326,"chr21","33234662_33234978_AluSc_SINE",98,33234978,42
694343,"chr21","33272095_33272386_AluSq2_SINE",78,33272386,42
694356,"chr21","33297201_33297426_AluSq2_SINE",83,33297426,42
694365,"chr21","33316400_33316689_AluSx_SINE",80,33316689,42
694382,"chr21","33352686_33353009_AluSc_SINE",103,33353009,42
694393,"chr21","33377071_33377383_AluSz_SINE",81,33377383,42
694395,"chr21","33378377_33378676_AluSx1_SINE",81,33378676,42
694401,"chr21","33395387_33395694_AluSq10_SINE",81,33395694,42
694416,"chr21","33470745_33471051_AluSx_SINE",81,33471051,42
694422,"chr21","33491297_33491612_AluSz_SINE",81,33491612,42
694423,"chr21","33493050_33493348_AluSc5_SINE",81,33493348,42
694424,"chr21","33497477_33497781_AluY_SINE",83,33497781,42
694425,"chr21","33498981_33499280_AluJb_SINE",78,33499280,42
694434,"chr21","33530783_33531086_AluSp_SINE",81,33531086,43
694444,"chr21","33563933_33564245_AluSq2_SINE",82,33564245,43
694460,"chr21","33600391_33600697_AluSg_SINE",81,33600697,43
694468,"chr21","33626268_33626537_AluSx3_SINE",77,33626537,43
694473,"chr21","33635624_33635924_AluSz6_SINE",86,33635924,43
694474,"chr21","33646505_33646816_AluSx_SINE",81,33646816,43
694475,"chr21","33648514_33648797_AluY_SINE",83,33648797,43
694490,"chr21","33680401_33680718_AluSq_SINE",86,33680718,43
694498,"chr21","33711787_33712099_AluY_SINE",83,33712099,43
694525,"chr21","33782226_33782520_AluSx_SINE",80,33782520,43
694550,"chr21","33840397_33840726_AluSq2_SINE",81,33840726,43
694556,"chr21","33850539_33850829_AluSx_SINE",83,33850829,43
694562,"chr21","33856570_33856869_AluSg4_SINE",81,33856869,43
694564,"chr21","33860897_33861194_AluSx_SINE",81,33861194,43
694566,"chr21","33870474_33870767_AluSq2_SINE",80,33870767,43
694568,"chr21","33873127_33873422_AluSz_SINE",80,33873422,43
694571,"chr21","33883448_33883759_AluSx_SINE",80,33883759,43
694575,"chr21","33888011_33888305_AluSz_SINE",82,33888305,43
694580,"chr21","33898621_33898915_AluSc_SINE",81,33898915,43
694584,"chr21","33907033_33907335_AluSz_SINE",81,33907335,43
694593,"chr21","33924351_33924655_AluSg_SINE",80,33924655,43
694596,"chr21","33928183_33928468_AluSp_SINE",80,33928468,43
694597,"chr21","33932119_33932418_AluY_SINE",85,33932418,43
694601,"chr21","33952404_33952714_AluY_SINE",83,33952714,43
694613,"chr21","33982507_33982814_AluJb_SINE",71,33982814,43
694616,"chr21","33987254_33987528_AluSz_SINE",82,33987528,43
694617,"chr21","33987809_33988110_AluSp_SINE",80,33988110,43
694618,"chr21","33989147_33989421_AluSx_SINE",82,33989421,43
694620,"chr21","33992413_33992717_AluSc8_SINE",82,33992717,43
694629,"chr21","34010724_34011023_AluSx1_SINE",81,34011023,44
694645,"chr21","34077177_34077475_AluSc_SINE",82,34077475,44
694653,"chr21","34093706_34094003_AluSx3_SINE",83,34094003,44
694665,"chr21","34136014_34136323_AluSp_SINE",82,34136323,44
694670,"chr21","34151902_34152194_AluSx_SINE",71,34152194,44
694671,"chr21","34155724_34156029_AluSx3_SINE",83,34156029,44
694680,"chr21","34177670_34177971_AluSz_SINE",81,34177971,44
694694,"chr21","34208563_34208865_AluSx3_SINE",81,34208865,44
694707,"chr21","34262929_34263219_AluJb_SINE",82,34263219,44
694708,"chr21","34266165_34266452_AluSz_SINE",82,34266452,44
694709,"chr21","34269447_34269742_AluSc5_SINE",83,34269742,44
694726,"chr21","34329097_34329399_AluJr4_SINE",81,34329399,44
694728,"chr21","34334298_34334592_AluSx1_SINE",81,34334592,44
694743,"chr21","34423461_34423782_AluSx1_SINE",81,34423782,44
694753,"chr21","34464240_34464503_AluJb_SINE",81,34464503,44
694761,"chr21","34474778_34475087_AluSc8_SINE",82,34475087,44
694766,"chr21","34492826_34493127_AluJb_SINE",81,34493127,44
694772,"chr21","34507361_34507657_AluSc8_SINE",86,34507657,45
694773,"chr21","34508613_34508915_AluY_SINE",83,34508915,45
694785,"chr21","34538141_34538443_AluJb_SINE",81,34538443,45
694789,"chr21","34545761_34546063_AluSc_SINE",82,34546063,45
694816,"chr21","34634390_34634690_AluSg7_SINE",81,34634690,45
694838,"chr21","34675651_34675941_AluSz_SINE",81,34675941,45
694871,"chr21","34744558_34744866_AluY_SINE",86,34744866,45
694879,"chr21","34752422_34752726_AluSz_SINE",85,34752726,45
694884,"chr21","34759368_34759677_AluSz_SINE",81,34759677,45
694896,"chr21","34778054_34778364_AluSx_SINE",79,34778364,45
694899,"chr21","34779902_34780228_AluSx1_SINE",81,34780228,45
694912,"chr21","34794902_34795209_AluSq2_SINE",81,34795209,45
694948,"chr21","34836505_34836806_AluSp_SINE",83,34836806,45
694963,"chr21","34847661_34847950_AluSg7_SINE",82,34847950,45
694975,"chr21","34858016_34858314_AluY_SINE",84,34858314,45
694976,"chr21","34858729_34859029_AluSq2_SINE",82,34859029,45
694979,"chr21","34862412_34862713_AluSc_SINE",81,34862713,45
694985,"chr21","34870457_34870750_AluSg7_SINE",81,34870750,45
694993,"chr21","34874628_34874907_AluSx_SINE",80,34874907,45
694999,"chr21","34882640_34882935_AluY_SINE",83,34882935,45
695003,"chr21","34886290_34886595_AluJb_SINE",82,34886595,45
695006,"chr21","34891578_34891878_AluY_SINE",83,34891878,45
695014,"chr21","34901756_34902064_AluSp_SINE",87,34902064,45
695015,"chr21","34902218_34902520_AluSc_SINE",81,34902520,45
695024,"chr21","34913475_34913728_AluSz_SINE",81,34913728,45
695029,"chr21","34939941_34940228_AluSg_SINE",81,34940228,45
695030,"chr21","34947349_34947641_AluSx_SINE",81,34947641,45
695031,"chr21","34951160_34951457_AluSx_SINE",81,34951457,45
695041,"chr21","34966007_34966316_AluSx_SINE",83,34966316,45
695043,"chr21","34968667_34968971_AluSq2_SINE",81,34968971,45
695050,"chr21","34977833_34978129_AluSx_SINE",83,34978129,45
695053,"chr21","34980478_34980784_AluSq2_SINE",81,34980784,45
695056,"chr21","34982477_34982758_AluSz6_SINE",82,34982758,45
695057,"chr21","34983033_34983336_AluSx1_SINE",81,34983336,45
695066,"chr21","34992834_34993111_AluSz_SINE",82,34993111,45
695076,"chr21","35007652_35007959_AluY_SINE",86,35007959,46
695078,"chr21","35010516_35010818_AluSx3_SINE",83,35010818,46
695087,"chr21","35038237_35038536_AluSx1_SINE",83,35038536,46
695098,"chr21","35052003_35052302_AluY_SINE",83,35052302,46
695105,"chr21","35061990_35062303_AluSx_SINE",81,35062303,46
695110,"chr21","35071755_35072029_AluJb_SINE",80,35072029,46
695120,"chr21","35078358_35078613_AluSz_SINE",80,35078613,46
695133,"chr21","35093830_35094111_AluSx1_SINE",80,35094111,46
695143,"chr21","35103006_35103300_AluSx1_SINE",77,35103300,46
695161,"chr21","35140578_35140883_AluSz_SINE",80,35140883,46
695163,"chr21","35143068_35143369_AluSx1_SINE",83,35143369,46
695168,"chr21","35153879_35154182_AluSx_SINE",81,35154182,46
695181,"chr21","35212657_35212964_AluSz_SINE",79,35212964,46
695190,"chr21","35235677_35235949_AluSx1_SINE",81,35235949,46
695210,"chr21","35280735_35281024_AluJb_SINE",82,35281024,46
695212,"chr21","35283966_35284264_AluSx3_SINE",83,35284264,46
695216,"chr21","35290782_35290989_AluSx_SINE",83,35290989,46
695225,"chr21","35309902_35310215_AluSx1_SINE",90,35310215,46
695230,"chr21","35317727_35318038_AluSx_SINE",82,35318038,46
695231,"chr21","35318903_35319193_AluSx_SINE",72,35319193,46
695236,"chr21","35327765_35328070_AluSx1_SINE",84,35328070,46
695238,"chr21","35333677_35333986_AluY_SINE",82,35333986,46
695240,"chr21","35340084_35340385_AluSz_SINE",83,35340385,46
695243,"chr21","35347123_35347431_AluSq2_SINE",81,35347431,46
695258,"chr21","35377743_35377965_AluSx_SINE",73,35377965,46
695288,"chr21","35440909_35441092_AluSx1_SINE",81,35441092,46
695289,"chr21","35442732_35443039_AluSp_SINE",80,35443039,46
695291,"chr21","35457899_35458200_AluY_SINE",82,35458200,46
695301,"chr21","35531048_35531358_AluJb_SINE",82,35531358,47
695302,"chr21","35533340_35533627_AluSc_SINE",81,35533627,47
695309,"chr21","35543602_35543908_AluSx_SINE",82,35543908,47
695313,"chr21","35558993_35559306_AluJb_SINE",81,35559306,47
695322,"chr21","35587053_35587349_AluSx1_SINE",81,35587349,47
695332,"chr21","35608899_35609195_AluSc8_SINE",82,35609195,47
695333,"chr21","35611331_35611623_AluSx3_SINE",82,35611623,47
695336,"chr21","35623107_35623426_AluSc8_SINE",82,35623426,47
695339,"chr21","35654266_35654578_AluSg_SINE",81,35654578,47
695352,"chr21","35727712_35728019_AluSx1_SINE",83,35728019,47
695358,"chr21","35736786_35737099_AluY_SINE",84,35737099,47
695361,"chr21","35740617_35740912_AluSc8_SINE",82,35740912,47
695363,"chr21","35741566_35741861_AluSx_SINE",81,35741861,47
695368,"chr21","35755261_35755549_AluSx3_SINE",82,35755549,47
695408,"chr21","35868374_35868670_AluY_SINE",82,35868670,47
695423,"chr21","35949613_35949921_AluJb_SINE",82,35949921,47
695425,"chr21","35955476_35955729_AluSq2_SINE",80,35955729,47
695431,"chr21","35979695_35979965_AluSg_SINE",82,35979965,47
695438,"chr21","36006043_36006329_AluSx1_SINE",81,36006329,47
695439,"chr21","36006934_36007207_AluSc_SINE",81,36007207,47
695448,"chr21","36058420_36058718_AluSx3_SINE",80,36058718,48
695461,"chr21","36094303_36094587_AluSx1_SINE",79,36094587,48
695478,"chr21","36215084_36215387_AluSx4_SINE",82,36215387,48
695481,"chr21","36227726_36228030_AluSx1_SINE",81,36228030,48
695484,"chr21","36242974_36243280_AluSc_SINE",81,36243280,48
695487,"chr21","36273526_36273813_AluSx3_SINE",84,36273813,48
695489,"chr21","36290145_36290446_AluSg7_SINE",81,36290446,48
695491,"chr21","36293150_36293455_AluSx1_SINE",81,36293455,48
695495,"chr21","36321031_36321350_AluSg4_SINE",91,36321350,48
695500,"chr21","36350222_36350534_AluY_SINE",83,36350534,48
695520,"chr21","36504459_36504762_AluSx1_SINE",82,36504762,48
695521,"chr21","36512476_36512778_AluY_SINE",83,36512778,49
695536,"chr21","36602387_36602685_AluSx1_SINE",81,36602685,49
695543,"chr21","36653386_36653689_AluSx_SINE",79,36653689,49
695554,"chr21","36754555_36754853_AluSq2_SINE",83,36754853,49
695571,"chr21","36885158_36885467_AluY_SINE",84,36885467,49
695591,"chr21","37045420_37045703_AluSz_SINE",92,37045703,50
695614,"chr21","37170786_37171087_AluY_SINE",83,37171087,50
695620,"chr21","37198731_37199029_AluSq_SINE",82,37199029,50
695631,"chr21","37245379_37245685_AluSz_SINE",82,37245685,50
695648,"chr21","37324337_37324622_AluSx1_SINE",80,37324622,50
695650,"chr21","37331888_37332160_AluSx_SINE",82,37332160,50
695651,"chr21","37333340_37333609_AluSz_SINE",73,37333609,50
695652,"chr21","37333999_37334286_AluSz_SINE",82,37334286,50
695657,"chr21","37343212_37343521_AluSz_SINE",81,37343521,50
695674,"chr21","37386006_37386302_AluSc_SINE",83,37386302,50
695677,"chr21","37389056_37389366_AluSz_SINE",81,37389366,50
695690,"chr21","37409620_37409931_AluSx1_SINE",81,37409931,50
695695,"chr21","37421015_37421217_AluSq2_SINE",83,37421217,50
695707,"chr21","37448768_37449054_AluSx1_SINE",81,37449054,50
695723,"chr21","37472957_37473210_AluY_SINE",81,37473210,50
695725,"chr21","37485649_37485955_AluSg_SINE",81,37485955,50
695734,"chr21","37493598_37493855_AluJb_SINE",82,37493855,50
695764,"chr21","37526091_37526403_AluSz_SINE",82,37526403,51
695776,"chr21","37545134_37545423_AluSx1_SINE",82,37545423,51
695778,"chr21","37546503_37546758_AluSx1_SINE",81,37546758,51
695810,"chr21","37585934_37586137_AluSx_SINE",82,37586137,51
695829,"chr21","37606845_37607134_AluSz_SINE",81,37607134,51
695834,"chr21","37613319_37613619_AluY_SINE",82,37613619,51
695835,"chr21","37614494_37614772_AluSz_SINE",82,37614772,51
695839,"chr21","37619195_37619476_AluSx1_SINE",81,37619476,51
695840,"chr21","37621120_37621434_AluSx_SINE",81,37621434,51
695855,"chr21","37638463_37638770_AluSq2_SINE",80,37638770,51
695860,"chr21","37642568_37642876_AluSx3_SINE",81,37642876,51
695870,"chr21","37650883_37651178_AluSq_SINE",82,37651178,51
695873,"chr21","37653322_37653618_AluJb_SINE",73,37653618,51
695874,"chr21","37654436_37654736_AluSq_SINE",80,37654736,51
695876,"chr21","37655371_37655680_AluSx1_SINE",83,37655680,51
695898,"chr21","37674076_37674350_AluY_SINE",84,37674350,51
695903,"chr21","37676481_37676792_AluJb_SINE",83,37676792,51
695904,"chr21","37677070_37677363_AluSx3_SINE",82,37677363,51
695916,"chr21","37685061_37685361_AluY_SINE",82,37685361,51
695924,"chr21","37698233_37698526_AluSq2_SINE",81,37698526,51
695928,"chr21","37700172_37700473_AluSz_SINE",81,37700473,51
695935,"chr21","37705084_37705384_AluY_SINE",83,37705384,51
695958,"chr21","37730973_37731276_AluY_SINE",82,37731276,51
695963,"chr21","37734568_37734856_AluSx_SINE",81,37734856,51
695966,"chr21","37737069_37737368_AluSz_SINE",81,37737368,51
695988,"chr21","37765744_37766051_AluSp_SINE",83,37766051,51
695999,"chr21","37773285_37773574_AluSq2_SINE",81,37773574,51
696014,"chr21","37788043_37788350_AluSz_SINE",81,37788350,51
696027,"chr21","37801881_37802154_AluJb_SINE",80,37802154,51
696036,"chr21","37808390_37808703_AluSx_SINE",80,37808703,51
696038,"chr21","37810829_37811137_AluSc_SINE",81,37811137,51
696039,"chr21","37812176_37812475_AluSq2_SINE",80,37812475,51
696045,"chr21","37819901_37820109_AluSx3_SINE",78,37820109,51
696055,"chr21","37831034_37831338_AluSz_SINE",81,37831338,51
696075,"chr21","37888075_37888385_AluSx_SINE",82,37888385,51
696084,"chr21","37914258_37914560_AluSg4_SINE",88,37914560,51
696088,"chr21","37943151_37943437_AluSg_SINE",81,37943437,51
696110,"chr21","38022449_38022652_AluSx_SINE",81,38022652,52
696112,"chr21","38022793_38023080_AluSz_SINE",66,38023080,52
696122,"chr21","38047889_38048181_AluSq2_SINE",80,38048181,52
696136,"chr21","38104194_38104483_AluSx_SINE",81,38104483,52
696141,"chr21","38110526_38110816_AluSx3_SINE",81,38110816,52
696148,"chr21","38136722_38137037_AluJb_SINE",82,38137037,52
696165,"chr21","38169169_38169467_AluSz_SINE",81,38169467,52
696169,"chr21","38187327_38187628_AluSz_SINE",83,38187628,52
696174,"chr21","38203698_38203994_AluSx3_SINE",84,38203994,52
696191,"chr21","38241397_38241731_AluY_SINE",90,38241731,52
696194,"chr21","38246511_38246747_AluY_SINE",82,38246747,52
696211,"chr21","38282562_38282859_AluSx1_SINE",82,38282859,52
696216,"chr21","38296578_38296887_AluSq2_SINE",81,38296887,52
696217,"chr21","38300591_38300885_AluJb_SINE",82,38300885,52
696232,"chr21","38326632_38326930_AluY_SINE",84,38326930,52
696239,"chr21","38330806_38331108_AluSx_SINE",81,38331108,52
696246,"chr21","38341881_38342172_AluSx_SINE",81,38342172,52
696263,"chr21","38367699_38368006_AluSz6_SINE",80,38368006,52
696266,"chr21","38369808_38370097_AluSz_SINE",80,38370097,52
696272,"chr21","38377542_38377845_AluSx1_SINE",81,38377845,52
696274,"chr21","38383292_38383607_AluSq2_SINE",81,38383607,52
696275,"chr21","38384553_38384840_AluSz_SINE",84,38384840,52
696284,"chr21","38393301_38393586_AluJb_SINE",82,38393586,52
696286,"chr21","38397156_38397451_AluY_SINE",82,38397451,52
696295,"chr21","38406946_38407224_AluSq2_SINE",79,38407224,52
696305,"chr21","38429690_38429881_AluSg_SINE",81,38429881,52
696315,"chr21","38461826_38462100_AluSx1_SINE",81,38462100,52
696317,"chr21","38465396_38465707_AluSc8_SINE",84,38465707,52
696328,"chr21","38520031_38520324_AluSc_SINE",81,38520324,52
696334,"chr21","38541652_38541846_AluSx_SINE",79,38541846,53
696336,"chr21","38547607_38547922_AluSq2_SINE",81,38547922,53
696343,"chr21","38575964_38576265_AluY_SINE",80,38576265,53
696347,"chr21","38585294_38585596_AluSg7_SINE",82,38585596,53
696371,"chr21","38649545_38649853_AluSg_SINE",82,38649853,53
696380,"chr21","38661225_38661521_AluSx_SINE",81,38661521,53
696384,"chr21","38665764_38666075_AluY_SINE",82,38666075,53
696386,"chr21","38668829_38669140_AluSx_SINE",83,38669140,53
696394,"chr21","38675386_38675677_AluSc_SINE",84,38675677,53
696397,"chr21","38677916_38678175_AluJb_SINE",82,38678175,53
696399,"chr21","38682394_38682695_AluSx_SINE",81,38682695,53
696405,"chr21","38693461_38693775_AluSx1_SINE",82,38693775,53
696415,"chr21","38707179_38707486_AluSx1_SINE",83,38707486,53
696420,"chr21","38712883_38713139_AluSq2_SINE",81,38713139,53
696423,"chr21","38715093_38715376_AluY_SINE",83,38715376,53
696431,"chr21","38726950_38727169_AluSx_SINE",81,38727169,53
696432,"chr21","38728188_38728473_AluJb_SINE",81,38728473,53
696442,"chr21","38748529_38748798_AluSg4_SINE",81,38748798,53
696443,"chr21","38749434_38749719_AluY_SINE",82,38749719,53
696458,"chr21","38812432_38812737_AluSx3_SINE",82,38812737,53
696471,"chr21","38866968_38867262_AluSz_SINE",81,38867262,53
696476,"chr21","38880607_38880889_AluSx_SINE",80,38880889,53
696494,"chr21","38930245_38930540_AluSc_SINE",83,38930540,53
696506,"chr21","38951328_38951622_AluSc_SINE",81,38951622,53
696511,"chr21","38969370_38969678_AluSc8_SINE",83,38969678,53
696517,"chr21","39010451_39010748_AluSx_SINE",81,39010748,53
696529,"chr21","39071001_39071300_AluSz6_SINE",83,39071300,54
696541,"chr21","39216366_39216658_AluSc_SINE",82,39216658,54
696550,"chr21","39310453_39310761_AluSc_SINE",80,39310761,54
696554,"chr21","39336487_39336780_AluSx_SINE",81,39336780,54
696561,"chr21","39379863_39380156_AluSx3_SINE",81,39380156,54
696566,"chr21","39400767_39401071_AluSq2_SINE",78,39401071,54
696570,"chr21","39424848_39425134_AluSc_SINE",81,39425134,54
696575,"chr21","39434815_39435020_AluJr_SINE",81,39435020,54
696592,"chr21","39564888_39565240_AluSx_SINE",97,39565240,55
696594,"chr21","39607193_39607498_AluSx_SINE",81,39607498,55
696602,"chr21","39664612_39664907_AluSx1_SINE",81,39664907,55
696609,"chr21","39699518_39699851_AluY_SINE",83,39699851,55
696610,"chr21","39718681_39718973_AluSx1_SINE",80,39718973,55
696629,"chr21","39814046_39814344_AluSq_SINE",81,39814344,55
696643,"chr21","39926968_39927262_AluSx_SINE",81,39927262,55
696648,"chr21","39959284_39959575_AluY_SINE",80,39959575,55
696650,"chr21","39974087_39974401_AluSc8_SINE",83,39974401,55
696655,"chr21","39997839_39998134_AluSx1_SINE",81,39998134,55
696662,"chr21","40038609_40038912_AluY_SINE",81,40038912,56
696672,"chr21","40091407_40091717_AluSg_SINE",81,40091717,56
696679,"chr21","40117429_40117736_AluSx_SINE",80,40117736,56
696718,"chr21","40306412_40306704_AluSx1_SINE",81,40306704,56
696725,"chr21","40354540_40354839_AluSz6_SINE",94,40354839,56
696727,"chr21","40387535_40387838_AluSg_SINE",81,40387838,56
696744,"chr21","40436971_40437265_AluSz6_SINE",81,40437265,56
696746,"chr21","40456437_40456717_AluY_SINE",82,40456717,56
696764,"chr21","40575361_40575632_AluY_SINE",83,40575632,57
696766,"chr21","40577723_40577992_AluSx_SINE",81,40577992,57
696767,"chr21","40579079_40579377_AluSz_SINE",81,40579377,57
696775,"chr21","40605663_40605965_AluSz_SINE",81,40605965,57
696778,"chr21","40613109_40613425_AluSz_SINE",83,40613425,57
696791,"chr21","40639239_40639542_AluY_SINE",86,40639542,57
696793,"chr21","40640630_40640943_AluY_SINE",84,40640943,57
696800,"chr21","40647676_40647983_AluSp_SINE",80,40647983,57
696807,"chr21","40657942_40658243_AluY_SINE",86,40658243,57
696809,"chr21","40661668_40661968_AluY_SINE",83,40661968,57
696813,"chr21","40667101_40667412_AluY_SINE",83,40667412,57
696821,"chr21","40676883_40677184_AluSz_SINE",81,40677184,57
696822,"chr21","40677508_40677808_AluSc_SINE",81,40677808,57
696832,"chr21","40687278_40687571_AluSc8_SINE",81,40687571,57
696835,"chr21","40692264_40692554_AluJb_SINE",81,40692554,57
696843,"chr21","40698051_40698353_AluSx_SINE",81,40698353,57
696848,"chr21","40702575_40702858_AluSg4_SINE",81,40702858,57
696854,"chr21","40707032_40707315_AluSg_SINE",81,40707315,57
696873,"chr21","40732187_40732467_AluSx_SINE",81,40732467,57
696875,"chr21","40733605_40733904_AluSq2_SINE",81,40733904,57
696881,"chr21","40740283_40740577_AluSc_SINE",80,40740577,57
696884,"chr21","40741603_40741900_AluSq2_SINE",81,40741900,57
696886,"chr21","40743852_40744157_AluSz_SINE",81,40744157,57
696889,"chr21","40746348_40746660_AluSq_SINE",80,40746660,57
696896,"chr21","40754864_40755179_AluY_SINE",86,40755179,57
696909,"chr21","40775543_40775845_AluSx1_SINE",81,40775845,57
696912,"chr21","40777123_40777419_AluJb_SINE",81,40777419,57
696916,"chr21","40788960_40789264_AluSx_SINE",88,40789264,57
696920,"chr21","40791168_40791479_AluJr_SINE",81,40791479,57
696922,"chr21","40795925_40796239_AluSx1_SINE",81,40796239,57
696949,"chr21","40858639_40858942_AluSx_SINE",83,40858942,57
696951,"chr21","40863133_40863378_AluSz_SINE",80,40863378,57
696955,"chr21","40879255_40879558_AluSp_SINE",80,40879558,57
696979,"chr21","40963089_40963361_AluJb_SINE",81,40963361,57
696996,"chr21","41049409_41049705_AluSx_SINE",81,41049705,58
696999,"chr21","41069477_41069789_AluSg_SINE",81,41069789,58
697009,"chr21","41120228_41120497_AluSg_SINE",81,41120497,58
697022,"chr21","41176842_41177130_AluSz_SINE",71,41177130,58
697026,"chr21","41195889_41196203_AluSx1_SINE",81,41196203,58
697032,"chr21","41250903_41251215_AluSq2_SINE",80,41251215,58
697038,"chr21","41269032_41269329_AluSg_SINE",81,41269329,58
697053,"chr21","41358824_41359101_AluSc_SINE",81,41359101,58
697058,"chr21","41388779_41389047_AluSp_SINE",81,41389047,58
697059,"chr21","41422414_41422699_AluY_SINE",81,41422699,58
697066,"chr21","41469586_41469869_AluY_SINE",82,41469869,58
697087,"chr21","41639541_41639840_AluSq2_SINE",80,41639840,59
697088,"chr21","41662267_41662569_AluSx4_SINE",81,41662569,59
697089,"chr21","41664667_41664962_AluY_SINE",83,41664962,59
697099,"chr21","41720786_41721086_AluY_SINE",78,41721086,59
697121,"chr21","41805004_41805294_AluSc8_SINE",73,41805294,59
697123,"chr21","41827412_41827723_AluSz_SINE",83,41827723,59
697128,"chr21","41853134_41853479_AluY_SINE",83,41853479,59
697134,"chr21","41879436_41879725_AluJb_SINE",81,41879725,59
697140,"chr21","41908327_41908632_AluY_SINE",87,41908632,59
697145,"chr21","41931713_41932019_AluY_SINE",83,41932019,59
697146,"chr21","41945009_41945283_AluY_SINE",83,41945283,59
697151,"chr21","41965241_41965571_AluSz_SINE",84,41965571,59
697162,"chr21","42009595_42009909_AluSx_SINE",92,42009909,59
697166,"chr21","42025740_42026050_AluSx1_SINE",81,42026050,59
697175,"chr21","42077828_42078134_AluY_SINE",83,42078134,60
697178,"chr21","42100342_42100645_AluSq_SINE",82,42100645,60
697186,"chr21","42131884_42132241_AluSc_SINE",105,42132241,60
697190,"chr21","42152938_42153245_AluSz_SINE",92,42153245,60
697197,"chr21","42165410_42165714_AluSx_SINE",81,42165714,60
697204,"chr21","42185560_42185870_AluSg7_SINE",81,42185870,60
697205,"chr21","42193962_42194272_AluSz_SINE",81,42194272,60
697211,"chr21","42227126_42227424_AluSx3_SINE",82,42227424,60
697215,"chr21","42251884_42252155_AluY_SINE",84,42252155,60
697222,"chr21","42320032_42320345_AluSx1_SINE",82,42320345,60
697229,"chr21","42375607_42375854_AluJb_SINE",82,42375854,60
697232,"chr21","42406744_42407051_AluSc8_SINE",81,42407051,60
697236,"chr21","42437237_42437487_AluSz_SINE",77,42437487,60
697255,"chr21","42532515_42532825_AluY_SINE",82,42532825,60
697256,"chr21","42545386_42545683_AluSx_SINE",81,42545683,60
697257,"chr21","42546066_42546361_AluSc_SINE",81,42546361,60
697263,"chr21","42585419_42585711_AluSx3_SINE",82,42585711,61
697266,"chr21","42593470_42593778_AluY_SINE",85,42593778,61
697268,"chr21","42596130_42596411_AluSc8_SINE",82,42596411,61
697269,"chr21","42596879_42597176_AluY_SINE",82,42597176,61
697270,"chr21","42604795_42605078_AluY_SINE",82,42605078,61
697271,"chr21","42609093_42609401_AluSc_SINE",81,42609401,61
697273,"chr21","42614827_42615137_AluSg_SINE",81,42615137,61
697281,"chr21","42651240_42651539_AluSx_SINE",82,42651539,61
697298,"chr21","42763316_42763608_AluSx_SINE",80,42763608,61
697322,"chr21","42852557_42852864_AluSx1_SINE",80,42852864,61
697329,"chr21","42863866_42864153_AluSx_SINE",79,42864153,61
697335,"chr21","42884787_42885034_AluSx1_SINE",81,42885034,61
697336,"chr21","42896455_42896746_AluY_SINE",83,42896746,61
697352,"chr21","42941788_42942101_AluSq_SINE",82,42942101,61
697366,"chr21","43047411_43047699_AluSx1_SINE",81,43047699,61
697377,"chr21","43073096_43073410_AluSq_SINE",82,43073410,61
697383,"chr21","43099984_43100238_AluSc8_SINE",82,43100238,62
697389,"chr21","43139612_43139936_AluSz_SINE",95,43139936,62
697393,"chr21","43177878_43178181_AluSg_SINE",81,43178181,62
697402,"chr21","43207855_43208152_AluJb_SINE",89,43208152,62
697403,"chr21","43209716_43209968_AluSx3_SINE",82,43209968,62
697406,"chr21","43214698_43214998_AluSx1_SINE",81,43214998,62
697412,"chr21","43262595_43262897_AluSc_SINE",81,43262897,62
697413,"chr21","43266530_43266817_AluJb_SINE",83,43266817,62
697417,"chr21","43277582_43277893_AluJb_SINE",82,43277893,62
697419,"chr21","43282997_43283298_AluSz_SINE",81,43283298,62
697427,"chr21","43309737_43310051_AluSx_SINE",83,43310051,62
697428,"chr21","43313803_43314107_AluSg_SINE",80,43314107,62
697438,"chr21","43347273_43347565_AluSg_SINE",81,43347565,62
697444,"chr21","43355693_43355961_AluSg_SINE",81,43355961,62
697454,"chr21","43379788_43380083_AluSc_SINE",81,43380083,62
697507,"chr21","43626187_43626512_AluSz6_SINE",81,43626512,63
697513,"chr21","43660564_43660857_AluSx_SINE",78,43660857,63
697519,"chr21","43691710_43692029_AluSq_SINE",83,43692029,63
697520,"chr21","43694585_43694881_AluSg_SINE",81,43694881,63
697531,"chr21","43760982_43761286_AluSx1_SINE",81,43761286,63
697534,"chr21","43766006_43766314_AluSx1_SINE",80,43766314,63
697547,"chr21","43820187_43820482_AluSx_SINE",81,43820482,63
697551,"chr21","43837979_43838290_AluSg4_SINE",81,43838290,63
697554,"chr21","43886283_43886594_AluYb8_SINE",79,43886594,63
697566,"chr21","43926995_43927292_AluSx_SINE",81,43927292,63
697573,"chr21","43975089_43975397_AluSx1_SINE",83,43975397,63
697584,"chr21","44059065_44059355_AluSg_SINE",81,44059355,63
697587,"chr21","44067870_44068166_AluSx1_SINE",81,44068166,63
697599,"chr21","44133239_44133543_AluSx_SINE",80,44133543,64
697603,"chr21","44136852_44137167_AluSz_SINE",82,44137167,64
697614,"chr21","44162567_44162873_AluSg_SINE",82,44162873,64
697621,"chr21","44182793_44183102_AluSx_SINE",81,44183102,64
697624,"chr21","44193098_44193389_AluSz_SINE",81,44193389,64
697625,"chr21","44193635_44193933_AluY_SINE",82,44193933,64
697627,"chr21","44194709_44195007_AluSz_SINE",81,44195007,64
697636,"chr21","44213085_44213386_AluSg_SINE",81,44213386,64
697637,"chr21","44214213_44214502_AluSx_SINE",81,44214502,64
697638,"chr21","44215286_44215462_AluSx_SINE",81,44215462,64
697640,"chr21","44218630_44218928_AluY_SINE",83,44218928,64
697643,"chr21","44234487_44234783_AluSx1_SINE",81,44234783,64
697647,"chr21","44244605_44244895_AluSx1_SINE",83,44244895,64
697657,"chr21","44258525_44258816_AluSx_SINE",77,44258816,64
697666,"chr21","44289836_44290138_AluSq2_SINE",84,44290138,64
697676,"chr21","44300012_44300254_AluSx4_SINE",81,44300254,64
697682,"chr21","44304886_44305183_AluSz_SINE",81,44305183,64
697688,"chr21","44308387_44308694_AluJb_SINE",81,44308694,64
697698,"chr21","44317793_44318085_AluY_SINE",82,44318085,64
697715,"chr21","44332068_44332361_AluSp_SINE",80,44332361,64
697726,"chr21","44347705_44348016_AluSx1_SINE",80,44348016,64
697729,"chr21","44349738_44350024_AluSq2_SINE",81,44350024,64
697760,"chr21","44390009_44390317_AluSq4_SINE",83,44390317,64
697762,"chr21","44392656_44392958_AluSz_SINE",83,44392958,64
697769,"chr21","44405081_44405396_AluSx_SINE",81,44405396,64
697770,"chr21","44405398_44405744_AluSx_SINE",81,44405744,64
697776,"chr21","44411554_44411873_AluY_SINE",84,44411873,64
697779,"chr21","44415021_44415331_AluSx1_SINE",81,44415331,64
697782,"chr21","44419584_44419887_AluSg_SINE",81,44419887,64
697785,"chr21","44421788_44422109_AluY_SINE",82,44422109,64
697803,"chr21","44460088_44460376_AluSx_SINE",81,44460376,64
697816,"chr21","44491468_44491752_AluJb_SINE",79,44491752,64
697817,"chr21","44493569_44493875_AluSc_SINE",81,44493875,64
697830,"chr21","44506428_44506736_AluSq2_SINE",82,44506736,64
697840,"chr21","44531466_44531768_AluSq_SINE",82,44531768,64
697843,"chr21","44532661_44532939_AluSx_SINE",68,44532939,64
697864,"chr21","44560000_44560309_AluJb_SINE",84,44560309,64
697877,"chr21","44622544_44622850_AluYk4_SINE",82,44622850,65
697880,"chr21","44625851_44626160_AluY_SINE",81,44626160,65
697885,"chr21","44754798_44755089_AluSx1_SINE",81,44755089,65
697886,"chr21","44776854_44777052_AluSx_SINE",80,44777052,65
697888,"chr21","44812097_44812391_AluSx3_SINE",82,44812391,65
697890,"chr21","44826202_44826501_AluSx1_SINE",81,44826501,65
697891,"chr21","44826913_44827223_AluSx1_SINE",81,44827223,65
697894,"chr21","44832656_44832963_AluSx1_SINE",81,44832963,65
697900,"chr21","44857893_44858196_AluSq_SINE",79,44858196,65
697901,"chr21","44882447_44882756_AluSg_SINE",81,44882756,65
697913,"chr21","44917530_44917826_AluSx1_SINE",82,44917826,65
697914,"chr21","44921275_44921589_AluSz_SINE",81,44921589,65
697937,"chr21","44994231_44994537_AluY_SINE",82,44994537,65
697944,"chr21","45015257_45015543_AluJo_SINE",80,45015543,65
697945,"chr21","45015612_45015899_AluSg_SINE",81,45015899,65
697949,"chr21","45026885_45027185_AluJb_SINE",82,45027185,65
697970,"chr21","45067124_45067405_AluSx1_SINE",85,45067405,65
697987,"chr21","45103592_45103871_AluSx_SINE",81,45103871,65
697989,"chr21","45112199_45112498_AluSg_SINE",81,45112498,66
698016,"chr21","45146141_45146454_AluY_SINE",83,45146454,66
698069,"chr21","45261325_45261641_AluY_SINE",82,45261641,66
698077,"chr21","45272730_45273018_AluSp_SINE",80,45273018,66
698078,"chr21","45275291_45275584_AluSx1_SINE",80,45275584,66
698080,"chr21","45276857_45277164_AluSq2_SINE",81,45277164,66
698084,"chr21","45278095_45278389_AluSx1_SINE",80,45278389,66
698096,"chr21","45301544_45301837_AluSx_SINE",81,45301837,66
698113,"chr21","45333196_45333474_AluJb_SINE",82,45333474,66
698121,"chr21","45346558_45346886_AluSz6_SINE",82,45346886,66
698122,"chr21","45352533_45352830_AluSx1_SINE",80,45352830,66
698129,"chr21","45375504_45375797_AluSx_SINE",81,45375797,66
698141,"chr21","45395948_45396244_AluSg_SINE",81,45396244,66
698169,"chr21","45438299_45438590_AluSc_SINE",81,45438590,66
698191,"chr21","45470792_45471084_AluSx_SINE",81,45471084,66
698194,"chr21","45480486_45480781_AluSz6_SINE",81,45480781,66
698204,"chr21","45513357_45513653_AluSx_SINE",81,45513653,66
698207,"chr21","45517541_45517851_AluSx1_SINE",81,45517851,66
698216,"chr21","45571957_45572236_AluJo_SINE",81,45572236,66
698219,"chr21","45588582_45588887_AluSx_SINE",81,45588887,66
698221,"chr21","45595508_45595817_AluSz6_SINE",81,45595817,66
698222,"chr21","45599821_45600114_AluSz_SINE",82,45600114,66
698230,"chr21","45618261_45618554_AluSz_SINE",81,45618554,67
698231,"chr21","45621454_45621756_AluSq2_SINE",81,45621756,67
698232,"chr21","45624995_45625295_AluSg7_SINE",82,45625295,67
698237,"chr21","45635646_45635944_AluSx1_SINE",81,45635944,67
698246,"chr21","45651622_45651925_AluY_SINE",84,45651925,67
698257,"chr21","45676980_45677283_AluSq2_SINE",80,45677283,67
698270,"chr21","45693678_45693978_AluSz_SINE",83,45693978,67
698272,"chr21","45697295_45697592_AluY_SINE",81,45697592,67
698280,"chr21","45728442_45728744_AluSx1_SINE",81,45728744,67
698283,"chr21","45763290_45763549_AluY_SINE",94,45763549,67
698287,"chr21","45780442_45780749_AluSz_SINE",81,45780749,67
698294,"chr21","45792104_45792404_AluSx1_SINE",73,45792404,67
698299,"chr21","45805987_45806306_AluY_SINE",105,45806306,67
698309,"chr21","45827814_45828129_AluSx1_SINE",82,45828129,67
698320,"chr21","45872719_45873034_AluSx_SINE",83,45873034,67
698342,"chr21","46054979_46055286_AluSz_SINE",82,46055286,67
698349,"chr21","46080601_46080861_AluSx1_SINE",81,46080861,67
698357,"chr21","46141260_46141567_AluSx_SINE",81,46141567,68
698364,"chr21","46197440_46197751_AluSx_SINE",81,46197751,68
698369,"chr21","46214441_46214747_AluY_SINE",82,46214747,68
698372,"chr21","46217349_46217658_AluYg6_SINE",81,46217658,68
698373,"chr21","46228145_46228439_AluY_SINE",83,46228439,68
698378,"chr21","46251945_46252245_AluSg_SINE",82,46252245,68
698387,"chr21","46273140_46273443_AluY_SINE",83,46273443,68
698388,"chr21","46280001_46280259_AluY_SINE",83,46280259,68
698389,"chr21","46280724_46281016_AluSc_SINE",81,46281016,68
698397,"chr21","46302906_46303200_AluSc5_SINE",81,46303200,68
698402,"chr21","46334942_46335238_AluY_SINE",83,46335238,68
698404,"chr21","46336500_46336801_AluSq_SINE",81,46336801,68
698407,"chr21","46345711_46346048_AluY_SINE",109,46346048,68
698413,"chr21","46428067_46428368_AluY_SINE",83,46428368,68
698421,"chr21","46477450_46477771_AluSz_SINE",91,46477771,68
698424,"chr21","46497298_46497609_AluY_SINE",84,46497609,68
698425,"chr21","46503613_46503914_AluJb_SINE",81,46503914,68
698428,"chr21","46533057_46533358_AluSg_SINE",81,46533358,68
698432,"chr21","46548884_46549160_AluSz6_SINE",81,46549160,68
698437,"chr21","46594335_46594592_AluSx_SINE",81,46594592,68
698444,"chr21","46639158_46639448_AluSc_SINE",81,46639448,69
698454,"chr21","46699024_46699340_AluSc8_SINE",86,46699340,69
698458,"chr21","46730855_46731148_AluSq2_SINE",81,46731148,69
698459,"chr21","46741801_46742083_AluSx1_SINE",82,46742083,69
698469,"chr21","46789654_46789960_AluSx1_SINE",81,46789960,69
698471,"chr21","46804161_46804459_AluSz_SINE",83,46804459,69
698472,"chr21","46809298_46809608_AluSc8_SINE",81,46809608,69
698473,"chr21","46815698_46815980_AluSz_SINE",81,46815980,69
698485,"chr21","46892132_46892424_AluYc_SINE",82,46892424,69
698487,"chr21","46940653_46940963_AluSp_SINE",80,46940963,69
698490,"chr21","46968375_46968681_AluSx1_SINE",81,46968681,69
698491,"chr21","46981392_46981719_AluSx_SINE",81,46981719,69
698492,"chr21","46983974_46984283_AluSc_SINE",81,46984283,69
698497,"chr21","46990214_46990493_AluSx_SINE",81,46990493,69
698499,"chr21","47001696_47001987_AluYc_SINE",82,47001987,69
698501,"chr21","47009375_47009686_AluSx_SINE",81,47009686,69
698506,"chr21","47030229_47030541_AluSg_SINE",80,47030541,69
698509,"chr21","47034582_47034868_AluSx1_SINE",80,47034868,69
698513,"chr21","47072356_47072656_AluSx_SINE",82,47072656,69
698518,"chr21","47096676_47096976_AluSz6_SINE",82,47096976,69
698522,"chr21","47105829_47106131_AluSx1_SINE",80,47106131,69
698528,"chr21","47127147_47127465_AluSx1_SINE",81,47127465,70
698533,"chr21","47158171_47158467_AluY_SINE",82,47158467,70
698546,"chr21","47214561_47214856_AluY_SINE",82,47214856,70
698548,"chr21","47237936_47238233_AluSc8_SINE",81,47238233,70
698552,"chr21","47269111_47269419_AluSx1_SINE",80,47269419,70
698555,"chr21","47297435_47297721_AluSq_SINE",83,47297721,70
698560,"chr21","47366812_47367112_AluSx_SINE",81,47367112,70
698577,"chr21","47473982_47474291_AluJb_SINE",80,47474291,70
698612,"chr21","47657014_47657316_AluSx_SINE",82,47657316,71
698624,"chr21","47681366_47681673_AluSc8_SINE",81,47681673,71
698626,"chr21","47682961_47683273_AluSc8_SINE",82,47683273,71
698630,"chr21","47691492_47691802_AluSx_SINE",83,47691802,71
698638,"chr21","47701632_47701931_AluSx_SINE",79,47701931,71
698641,"chr21","47708309_47708621_AluSc5_SINE",84,47708621,71
698646,"chr21","47716930_47717161_AluSx1_SINE",81,47717161,71
698652,"chr21","47723660_47723934_AluY_SINE",82,47723934,71
698653,"chr21","47723934_47724243_AluY_SINE",86,47724243,71
698660,"chr21","47729092_47729392_AluSx1_SINE",82,47729392,71
698663,"chr21","47730780_47731083_AluSx1_SINE",81,47731083,71
698667,"chr21","47739530_47739842_AluSq4_SINE",82,47739842,71
698668,"chr21","47740023_47740315_AluSz_SINE",81,47740315,71
698688,"chr21","47762022_47762320_AluSx_SINE",81,47762320,71
698690,"chr21","47763966_47764287_AluY_SINE",83,47764287,71
698706,"chr21","47807844_47808144_AluY_SINE",82,47808144,71
698707,"chr21","47812128_47812435_AluSz_SINE",82,47812435,71
698721,"chr21","47837098_47837405_AluSg_SINE",80,47837405,71
698725,"chr21","47853680_47853990_AluSg_SINE",86,47853990,71
698731,"chr21","47869230_47869479_AluY_SINE",82,47869479,71
698739,"chr21","47884025_47884319_AluSq2_SINE",80,47884319,71
698752,"chr21","47923654_47923938_AluSx_SINE",81,47923938,71
698753,"chr21","47925239_47925526_AluSc8_SINE",83,47925526,71
698773,"chr21","47960644_47960948_AluSq2_SINE",82,47960948,71
698782,"chr21","48007480_48007757_AluYc_SINE",83,48007757,71
698786,"chr21","48031130_48031439_AluY_SINE",83,48031439,71
698790,"chr21","48038187_48038489_AluSz_SINE",81,48038489,71
